id,text,label,notes
1,"Jokic's assist-to-turnover ratio this season is 5.2, the highest recorded for any center in the last 20 years. He's handling the ball more than any other big in the league while maintaining elite efficiency. His playmaking isn't just impressive — it's historically unprecedented for the position.",analysis,
2,"People underestimate how much the Celtics' defense relies on switching. Their defensive rating when they switch every screen is 108.1, compared to 118.4 when they don't. That 10-point gap explains why they keep prioritizing switchable wings over traditional bigs.",analysis,
3,The Warriors dynasty wasn't just about talent — it was spacing. Their championship rosters consistently had four players shooting above 37% from three. That floor spacing is what made Curry's drives and Draymond's passing lanes lethal. No team has replicated that structure since.,analysis,
4,"Luka's playoff numbers are elite — 32.4 points, 9.8 assists, 8.6 rebounds per game over his last three postseason runs. The only players with comparable all-around playoff production at his age were LeBron and Oscar Robertson. The ceiling comparisons aren't hyperbole.",analysis,
5,"The Thunder's net rating this season is +7.2, which would rank top 3 in any season over the last decade. Their defensive rating of 108.4 tells you this isn't just offensive firepower — they've built a genuine two-way roster at an incredibly young average age.",analysis,
6,"Miami's playoff success under Spoelstra is directly tied to role player development. Over the last 8 years, they've had 11 different undrafted or second-round players post a net rating above +5 in a playoff series. That's not luck — it's system and coaching.",analysis,
7,"Tatum's usage rate in the fourth quarter climbs to 38% this postseason, but his true shooting percentage drops from 61% to 54% in those same minutes. The Celtics need to redistribute late-game possessions — the data shows he's less efficient under that volume.",analysis,
8,"The three-point revolution has genuinely changed which teams win championships. Since 2015, every Finals winner has ranked in the top 8 in three-point attempt rate. The one exception — the 2016 Cavaliers — had LeBron playing at a level that compensated for their inefficiency.",analysis,
9,Wembanyama's block rate of 5.7 per 36 minutes is already the highest for a rookie in the shot-tracker era. But what's more impressive is his contest rate — he's altering shots without fouling at a rate that historically only shows up in players 4-5 years into their careers.,analysis,
10,"The Lakers' turnover rate of 16.8% ranks 28th in the league. In games where they turn it over more than 15 times, they're 3-18 this season. That single stat explains their inconsistency better than any narrative about effort or culture.",analysis,
11,Curry's off-ball movement creates more value than his actual shot attempts. Teams that track gravity show opponents spend 1.3 extra defensive possessions per game accounting for him even when he doesn't touch the ball. That's essentially a free possession every 6 minutes.,analysis,
12,The Bucks' offensive rating with Giannis at the five versus at the four is remarkably different — 121.3 when he plays the five versus 114.8 at the four. Doc Rivers has been slow to adapt lineups to what the data clearly shows about their best configuration.,analysis,
13,"Boston's bench mob this season has a net rating of +6.1, ranking second in the league among second units. The key is their transition defense — they give up just 0.87 points per possession in transition, compared to the league average of 1.07.",analysis,
14,"Phoenix's offensive system under Vogel generates 14.2 drive attempts per game for Booker, but his efficiency on those drives — 52.4% — ranks just 18th among guards with similar volume. The system is built around a skill that isn't actually his strongest.",analysis,
15,KD's efficiency numbers are historically consistent regardless of teammate quality. His true shooting percentage across 5 different teams has never dipped below 62%. That's the definition of a player whose production is system-independent.,analysis,
16,The Knicks' defensive improvement this year is real and measurable. Their opponents' field goal percentage at the rim dropped from 64.2% last season to 58.7% this season — a 5.5-point improvement that ranks among the top improvements in the league over that stretch.,analysis,
17,"SGA's fourth-quarter scoring average of 9.8 points per game this season leads the league. More importantly, his true shooting in those minutes is 64%, which is actually higher than his overall season average. He's one of the few stars who gets more efficient under pressure.",analysis,
18,"Minnesota's defensive identity is built around funnel defense — they give up midrange jumpers to protect the paint and the three-point line. Their opponents shoot 38.4% from midrange, which sounds bad, but that's intentional. It's the lowest-value shot in basketball.",analysis,
19,The Jazz tanking strategy is analytically sound even if it's frustrating to watch. Teams that accumulate top-5 picks have a 67% historical rate of building a playoff team within 5 years. Teams that stay mediocre without picks hover around 12%.,analysis,
20,"Embiid's offensive load is unsustainable for playoff success. In the regular season he averages 35.3 minutes, but his injury rate in games above 34 minutes is 3x higher than in games under that threshold. The 76ers need a usage management plan before May.",analysis,
21,"The league-wide free throw rate has dropped 22% since 2017. This isn't just rule changes — it's a strategic shift. Teams have learned that optimizing for three-pointers means avoiding the slow-pace, contact-heavy play that generates free throws.",analysis,
22,Cleveland's pick-and-roll coverage has been their defensive anchor all season. They switch it 71% of the time and drop only 8% — a sharp contrast to most teams. Their opponents' pick-and-roll points per possession of 0.81 ranks fourth best in the league.,analysis,
23,"Jalen Brunson's usage rate of 31.2% is in the top 10 in the league, but what separates him is efficiency under that load — his turnover rate of 8.4% is among the lowest for any player with similar usage. That combination is extremely rare.",analysis,
24,"Golden State's problems this season are structural, not motivational. Their lineup with Curry and no other shooter in the starting five has a net rating of -8.3. The front office built a roster that requires a specific player profile they no longer have outside of Curry.",analysis,
25,"The pace of play has increased from 96.4 possessions per game in 2014 to 100.1 this season. That 3.7-possession increase means approximately 7 extra shot attempts per team per game. Over an 82-game season, that's nearly 600 extra offensive opportunities per team.",analysis,
26,Milwaukee's clutch-time offensive rating of 102.4 ranks 24th in the league — a massive drop from their overall offensive rating of 117.2. The gap between their regular play and their late-game execution is one of the largest in the league and a real playoff concern.,analysis,
27,"Ant-Man's scoring efficiency in the paint is what separates him from other athletic guards. He converts 68.3% of his attempts at the rim, which ranks in the 94th percentile for guards. Most high-usage guards in his mold convert at 58-62%.",analysis,
28,"The Suns' defensive problem isn't personnel — it's scheme. Under their current drop coverage, ball handlers are shooting 47.3% on pick-and-roll jumpers, 8 points above league average. A switch to a more aggressive hedge would expose their wing defenders but likely improve their overall numbers.",analysis,
29,"Brooklyn's rebuild pace is faster than most analysts expected. Their two lottery picks from this year project as top-25 players by age 24 based on comparable draft profiles. The Nets are 2-3 years away from relevance, not 5.",analysis,
30,Draymond's defensive value shows up most clearly in transition prevention. His teams have ranked in the top 5 in transition defense rate in 8 of his 11 seasons. His positioning and communication eliminate transition opportunities before they develop.,analysis,
31,The Charlotte Hornets' spacing problem is quantifiable. They rank 29th in corner three-point attempt rate — a shot that goes in 38% of the time league-wide — because they lack credible shooters who can hold corners while LaMelo operates. That positioning gap costs them roughly 4 points per game.,analysis,
32,Sabonis is one of the most underrated rebounding forces in modern NBA history. His offensive rebounding rate of 14.8% is second all-time among players in the shot-tracker era. He's getting credited with 4.1 offensive rebounds per game but generating tip opportunities on nearly every miss.,analysis,
33,Memphis's injury history follows a pattern that should concern their front office. Players coming off their development program have shown a 34% higher soft tissue injury rate than league average in their third and fourth seasons. That's not a coincidence at this sample size.,analysis,
34,"Portland's perimeter defense this season gives up 1.14 points per possession on isolation possessions, ranking dead last in the league. That specific weakness gets exposed in the playoffs when opponents can run isolation sets without defensive help disrupting their schemes.",analysis,
35,The three-point line fundamentally changed how we evaluate big men. Centers who shot 0% from three in 2010 were average starters. That same profile today produces a net rating impact of approximately -4.2 points per 100 possessions just from the spacing deficit.,analysis,
36,"Kawhi Leonard's minutes management directly correlates with playoff performance. In playoff series where he played 34+ minutes per game in the regular season, his teams are 6-2 in series. In series where he averaged under 30 regular season minutes, they're 2-5.",analysis,
37,"The Hawks' fast-break efficiency is elite — 1.21 points per transition possession, third in the league. Their problem is generating those opportunities. They rank 22nd in steals and 19th in opponent missed shots that lead to transition, so their best offensive weapon is underutilized.",analysis,
38,Utah's front office model over the last decade proves that drafting efficiency matters more than draft position. They've produced 6 All-Star caliber players from picks outside the lottery. Their scouting emphasis on motor and basketball IQ over athleticism metrics has been validated.,analysis,
39,Tyrese Haliburton's assist-to-turnover ratio of 5.8 this season is the highest ever recorded for a player averaging 10+ assists per game. He's redefining what efficient playmaking looks like at high volume.,analysis,
40,The Miami Heat's home court advantage is measurable and significant. They're 31-7 at home versus 14-24 on the road this season — a 17-game differential that ranks second in the league. The travel and environment factors compound for visiting teams against their pressure defense.,analysis,
41,Detroit's rebuild is structurally sound. They have 4 players under 23 with positive net ratings and 3 first-round picks in the next two drafts. The Pistons aren't just collecting talent — they're collecting the right profile of talent for a modern NBA roster.,analysis,
42,The correlation between regular season net rating and playoff success is stronger than most fans realize. Teams with a net rating above +6 in the regular season have won 71% of playoff series against teams below that threshold over the last 10 years.,analysis,
43,"OKC's ball movement this season generates 28.4 passes per possession before a shot attempt, ranking first in the league. That number matters because shot quality improves significantly after 6+ passes — their assist rate on made baskets of 67.3% reflects that.",analysis,
44,"Devin Booker's midrange game is statistically elite. He shoots 48.2% from 16-22 feet, which ranks in the 97th percentile for all players who attempt 4+ midrange shots per game. In an era where midrange is devalued, his efficiency makes it a viable weapon.",analysis,
45,"The Celtics' three-point volume this season — 45.3 attempts per game — is sustainable only because of their shot quality. Their corner three percentage of 41.2% and above-the-break efficiency of 38.8% indicate these are good looks, not volume chasing.",analysis,
46,Sacramento's pace-and-space system produces elite regular season numbers but has historically broken down in the playoffs. Their offensive rating drops 6.8 points in playoff games versus regular season — one of the largest such drops for any team in the last decade.,analysis,
47,The NBA's officiating data shows a consistent home court advantage in foul calls — visiting teams are whistled for fouls 11.3% more frequently than home teams on statistically identical defensive plays. That's not conspiracy; it's documented in the league's own referee tracking data.,analysis,
48,"Jaylen Brown's defensive metrics improved dramatically after the Celtics shifted him to guarding the opponent's second option rather than the primary scorer. His defensive rating went from 112.1 to 104.8 — an 8-point improvement from a positional adjustment, not a skill change.",analysis,
49,"Denver's second unit has a net rating of -2.1, which is manageable, but in playoff games their bench logs 18.4 minutes versus 14.2 in the regular season due to foul trouble on starters. That increased bench exposure is a structural vulnerability entering the postseason.",analysis,
50,The historical data on load management is clear: players who rest 10-15 regular season games show 23% fewer soft tissue injuries in the following playoff run. The short-term cost to regular season wins is outweighed by the long-term benefit in April and May.,analysis,
51,"Ja Morant's drives generate 1.18 points per attempt — top 5 in the league among high-volume drivers. The issue is that he attempts 11.4 drives per game but only 4.2 pull-up jumpers, making him predictable for defenses that can load the paint.",analysis,
52,"Indiana's defensive improvement under Carlisle has been driven by rim protection, not perimeter defense. Their opponents' shot percentage at the rim dropped from 65.1% to 59.8% — a bigger improvement than any other team — while their perimeter numbers remained average.",analysis,
53,"Nikola Jokic winning three MVPs in four years reflects a genuine evolution in how the award is evaluated. His box plus/minus of 12.8 over that stretch is the highest four-year average in the stat's recorded history, surpassing even MJ's peak run.",analysis,
54,"The league's average player age has decreased from 26.8 in 2010 to 25.1 this season. Young rosters perform worse in the playoffs historically, which partly explains why championship windows feel shorter — the talent pool is younger and less experienced at crunch time.",analysis,
55,"Chicago's defensive issues stem from slow rotation speed, not individual effort. Their average defensive rotation time when the ball is kicked to an open shooter is 0.84 seconds, compared to the league best of 0.61 seconds. That 0.23 second gap is enough for a clean catch-and-shoot.",analysis,
56,"Anthony Davis's playoff performance correlates directly with his rebounding rate. In series where he pulls down 13+ rebounds per game, the Lakers are 7-1. In series where he's under that threshold, they're 3-6. His rebounding dominance is more predictive than his scoring.",analysis,
57,"Toronto's player development infrastructure is among the best in the league. Over the last 8 years, they've improved the three-point shooting percentage of 7 different players by more than 4 percentage points — a development rate no other team matches.",analysis,
58,"The Pelicans' offensive system generates elite shot quality — their expected field goal percentage of 56.8% ranks second in the league. The gap between their expected and actual offensive production suggests execution, not scheme, is their problem.",analysis,
59,Damian Lillard's performance in high-leverage playoff games — defined as games within 5 points in the fourth quarter — shows a significant split. He shoots 38.4% in those moments versus 46.1% in non-leverage playoff situations. The clutch narrative cuts both ways.,analysis,
60,"Washington's rebuild strategy of accumulating second-round picks is underrated. Over the last 6 drafts, second-round picks who develop into rotation players have produced 4.1 WAR per pick compared to 3.8 WAR for late first-rounders. The cost difference is enormous.",analysis,
61,The pick-and-roll has become so dominant that 41.3% of all NBA possessions now involve some form of ball screen. In 2010 that number was 28.7%. This shift has fundamentally changed what skills are valuable at every position.,analysis,
62,"LeBron's aging curve is genuinely unprecedented. At 39, his PER of 24.4 is the highest ever recorded for a player his age by a margin of 3.2 points. No historical comparison exists because no player has maintained this level of production at this age.",analysis,
63,"Atlanta's offensive numbers look strong in isolation, but their performance against top-10 defenses tells a different story. Against elite defenses they score 104.3 points per 100 possessions — 13 points below their overall average — one of the largest such splits in the league.",analysis,
64,The NBA's salary cap structure incentivizes a specific roster building approach. Teams that spend 35-45% of their cap on their top player while maintaining cap flexibility for two additional max players have won 9 of the last 10 championships.,analysis,
65,Zion Williamson's efficiency numbers when healthy are historically elite for a power forward. His true shooting of 67.3% at his usage rate of 32.1% has no historical comparable — no player has posted those combined numbers over a full season at his position.,analysis,
66,The Sacramento Kings' defensive collapse in the second half of games is statistically documented. They allow 113.4 points per 100 possessions in the fourth quarter compared to 106.8 in the first — a 6.6-point swing that suggests conditioning or scheme issues late in games.,analysis,
67,Minnesota's offensive system through Towns in pick-and-roll generates 1.22 points per possession — among the highest efficiency for any primary ball screen action in the league. The question is whether that survives playoff defensive adjustments.,analysis,
68,"Brooklyn's draft capital accumulation over the next three years gives them more roster-building flexibility than any team in the league. They hold 9 first-round picks and 4 pick swaps, a position no rebuilding team has been in since the early 2010s Boston-Brooklyn trades.",analysis,
69,"The correlation between preseason net rating and final standings is stronger than most analysts expect — r=0.71 over the last 10 seasons. Teams that look good in October tend to finish where their talent suggests, undermining the 'preseason means nothing' narrative.",analysis,
70,"Giannis's free throw percentage has improved from 63.4% in his first five seasons to 71.8% in the last three. That 8-point improvement matters significantly — at his usage rate and free throw attempt frequency, it translates to approximately 1.4 extra points per game.",analysis,
71,LeBron James is the most overrated player in NBA history and I will not be taking questions.,hot_take,
72,The Warriors dynasty was completely fake and everyone knows it. They only won because of the salary cap spike and KD joining a 73-win team. Totally illegitimate.,hot_take,
73,Kobe Bryant was better than Michael Jordan and the only reason people disagree is because they never watched Kobe play in person.,hot_take,
74,Nikola Jokic should not have won a single MVP. He's a stat compiler on a mediocre conference and the voters are completely out of touch.,hot_take,
75,Giannis is not a top-10 player all time and calling him that is an embarrassment to basketball history. He cannot shoot and that disqualifies him.,hot_take,
76,The NBA is rigged for big market teams. There is no other explanation for how many times the Lakers and Celtics get favorable calls in crucial moments.,hot_take,
77,Load management is ruining basketball. These players are making $40 million a year and they can't be bothered to play on a Tuesday in November. Embarrassing.,hot_take,
78,Steph Curry would have zero rings without Draymond Green. Draymond is actually the best player on every Warriors championship team and nobody wants to say it.,hot_take,
79,The 2016 Cleveland Cavaliers championship is the greatest upset in sports history and LeBron deserves more credit than any athlete in any sport ever has for any achievement.,hot_take,
80,Modern NBA players would not survive in the 80s and 90s. The game was tougher and more physical and today's stars would get bullied off the court.,hot_take,
81,Carmelo Anthony is a Hall of Famer and the fact that he struggled as a team player is completely overblown by people who just don't like his personality.,hot_take,
82,The Phoenix Suns will never win a championship as long as the Sarver ownership era casts a shadow over that organization regardless of who is playing.,hot_take,
83,Kevin Durant is the greatest offensive player in NBA history and it is not close. Anyone who disagrees just hasn't watched enough basketball.,hot_take,
84,Playoff Rondo was the best point guard in the league during those years and Rondo truthers are not wrong. The regular season just didn't capture what he could do.,hot_take,
85,The NBA was better in the 90s period. There is nothing to debate. The product was superior and anyone who says otherwise is just too young to remember.,hot_take,
86,Luka Doncic is going to surpass LeBron James as the greatest player in NBA history within the next 5 years. Screenshots this post.,hot_take,
87,The Knicks are always one good offseason away from contending and every year the front office finds a new way to blow it. Perpetually cursed franchise.,hot_take,
88,Anthony Davis would have 4 championships by now if he actually cared about winning instead of just getting paid. Effort has always been his biggest problem.,hot_take,
89,Westbrook was dragging OKC the entire time Durant was there. People have completely rewritten history to make Durant look like the victim.,hot_take,
90,The Miami Heat culture is completely overrated. They win with talent just like everyone else and the coaching and culture stuff is just good PR.,hot_take,
91,Tim Duncan is the most boring great player in NBA history and the fact that people call him the greatest power forward ever is a symptom of how much the media prefers quiet players.,hot_take,
92,Jayson Tatum is not a top-5 player and will never be a top-5 player. He disappears in every big game and his regular season numbers are inflated by a weak schedule.,hot_take,
93,The Pistons teams of the early 2000s would beat any of the recent championship teams in a seven-game series. Defense wins championships and nobody defends anymore.,hot_take,
94,James Harden's step-back three is a travel and has always been a travel. The referees gave him a free pass for years and it damaged the integrity of the game.,hot_take,
95,Patrick Beverley is the most important player on every team he's ever been on. His energy and toughness are worth 20 points a game in terms of winning.,hot_take,
96,The NBA draft lottery is definitely manipulated and the league wants specific teams to get specific picks. It is the only explanation for some of the outcomes we've seen.,hot_take,
97,Damian Lillard is not a superstar. He is a very good player who benefits from playing on a bad team with low expectations. On a real contender he would be exposed.,hot_take,
98,The San Antonio Spurs were the most boring dynasty in sports history and winning five championships doesn't change the fact that nobody outside of Texas watched their games.,hot_take,
99,Ben Simmons is a generational defensive talent who was completely misused in Philadelphia and the 76ers front office ruined his career. The blame is entirely on them.,hot_take,
100,Kyrie Irving is the most skilled basketball player alive and his off-court issues have caused people to massively undervalue how incredible he is to watch.,hot_take,
101,The three-point line has ruined basketball. The game is now unwatchable because every team just jacks up threes all game instead of playing real basketball.,hot_take,
102,Chris Paul is the most overrated point guard in NBA history. He has never won anything meaningful and always finds a way to get hurt when it matters most.,hot_take,
103,The Oklahoma City Thunder are going to win the championship this year and everyone sleeping on them is going to look foolish by June.,hot_take,
104,Joel Embiid is not a true center and his whole game is built around getting to the free throw line because he can't create real offense against good defenses.,hot_take,
105,LeBron going to the Lakers was the worst basketball decision any superstar has made in the last 20 years. He gave up his legacy for Hollywood.,hot_take,
106,Every team that passes on taking the best available player to fill a position need is making a mistake. Best player available always wins in the long run.,hot_take,
107,The Chicago Bulls would have won 10 championships with Jordan if Phil Jackson hadn't been so stubborn about the triangle offense limiting their transition game.,hot_take,
108,Zion Williamson is the most electric player in the NBA and if he stays healthy he will win 3 MVPs in the next 5 years minimum.,hot_take,
109,The league has become unwatchable because of flopping. Every player hits the ground whenever someone breathes on them and the refs reward it constantly.,hot_take,
110,Russell Westbrook's triple-doubles are the most meaningless individual stat in basketball history because he padded every single one of them deliberately.,hot_take,
111,Donovan Mitchell is a top-10 player right now and the Cavaliers are going to be a dynasty for the next decade. People are sleeping on Cleveland badly.,hot_take,
112,The media's obsession with LeBron vs Jordan is a conspiracy by sports media to generate clicks. Everyone actually watching basketball knows Kobe is number two all time.,hot_take,
113,Analytics has completely ruined how GMs evaluate players and the league is worse for it. You can't measure heart and toughness with numbers.,hot_take,
114,Draymond Green should have been suspended for the entire 2016 Finals and the Warriors got away with robbery. The league let them off to protect the ratings.,hot_take,
115,The Sacramento Kings have the worst front office in NBA history and no amount of new ownership will fix a culture that has been broken for 20 years.,hot_take,
116,Blake Griffin was the most exciting player in the league during his Clippers years and his injuries robbed us of what would have been a top-15 all time career.,hot_take,
117,Ja Morant is going to win 3 championships and be remembered as one of the 10 best players in NBA history. The talent is just undeniable.,hot_take,
118,The New York Knicks will never win a championship while playing in Madison Square Garden because the ownership treats the team as an entertainment product not a basketball team.,hot_take,
119,Nikola Jokic is soft and if he played in the physical era his numbers would drop significantly because defenders would actually be allowed to touch him.,hot_take,
120,The Houston Rockets' small ball lineup in 2018 was the most innovative thing any team has done in 30 years and their failure in the playoffs was pure bad luck.,hot_take,
121,Paul George deserves zero blame for his playoff struggles because he was always surrounded by the wrong teammates and that is entirely on the front offices.,hot_take,
122,The Boston Celtics fanbase is the most insufferable in sports and their sense of entitlement about championships they won 40 years ago is genuinely embarrassing.,hot_take,
123,Kawhi Leonard is a top-5 player all time and two championship finals MVPs with different teams proves it. Anyone who puts him outside the top 10 is just wrong.,hot_take,
124,The Toronto Raptors 2019 championship was the biggest fluke in modern NBA history and it happened entirely because Kevin Durant tore his Achilles.,hot_take,
125,Trae Young will win an MVP before he retires and the people writing him off after one bad playoff run have no patience or basketball understanding.,hot_take,
126,The Bucks wasted Giannis's prime years with bad roster construction and they should blow it all up and start fresh around him with a completely different supporting cast.,hot_take,
127,Devin Booker is a one-dimensional scorer who the media built up into a superstar because he plays in Phoenix and looks good on Instagram.,hot_take,
128,The referee situation in the NBA is completely out of control and David Stern's legacy is that he normalized officiating that favors marketable players.,hot_take,
129,Victor Wembanyama is going to be the greatest player in NBA history and anyone saying we need to wait and see is just being deliberately contrarian.,hot_take,
130,The 2010s Spurs teams with Kawhi were better than any of the Spurs championship teams with Duncan and it is not particularly close.,hot_take,
131,Anthony Edwards is going to be the face of the NBA within two years and the league office already knows it which is why he gets star calls.,hot_take,
132,The entire concept of a superteam is bad for basketball and the players who form them should be criticized more harshly for choosing easy paths to rings.,hot_take,
133,Manu Ginobili is the most underrated player in NBA history and should be mentioned in the conversation for top-20 all time based purely on winning and impact.,hot_take,
134,The LA Clippers are cursed and will never win a championship no matter how much money they spend because some franchises just aren't meant to win.,hot_take,
135,Penny Hardaway would have been the greatest point guard of all time if he stayed healthy. The injuries robbed us of a legitimate Jordan-level talent.,hot_take,
136,The Eastern Conference has been so weak for so long that any team winning an East title should get an asterisk until the conference becomes competitive again.,hot_take,
137,Shaquille O'Neal is the most dominant player to ever play the game and the fact that he wasn't in better shape his whole career is the greatest waste of talent ever.,hot_take,
138,The current NBA is the best it has ever been and anyone saying the old game was better is just being nostalgic about their childhood memories.,hot_take,
139,Dirk Nowitzki's 2011 championship run is the greatest individual playoff performance in NBA history and it gets criminally underrated every single year.,hot_take,
140,The NBA should eliminate the draft entirely and let players sign with whatever team they choose coming out of college. The draft is an unfair restraint of trade.,hot_take,
141,HOLY MOLY DID YOU JUST SEE THAT JOKIC PASS I AM LOSING MY MIND RIGHT NOW,reaction,
142,I actually can't breathe. That shot. That SHOT. How is this real life.,reaction,
143,Bro I just threw my remote across the room. I'm not even sorry. That call was HORRIBLE.,reaction,
144,The way my jaw literally dropped when he pulled up from half court. I've been watching basketball for 25 years and I have never seen anything like that.,reaction,
145,I'm shaking. We're actually going to the Finals. I'm actually shaking right now.,reaction,
146,NO WAY. NO WAY. NO WAY. NO WAY. NO WAY. HE DIDN'T. HE DIDN'T. OH MY GOD.,reaction,
147,I hate this team so much right now. I genuinely hate them. Why would you foul there. WHY.,reaction,
148,Just woke my entire family up screaming. Zero regrets. That was the greatest block I have ever seen.,reaction,
149,I'm crying actual tears right now. Not ashamed. This team means everything to me and that win was everything.,reaction,
150,"Closed my laptop, walked outside, stared at the sky for 5 minutes. That loss broke something in me.",reaction,
151,THE BUZZER BEATER. THE BUZZER BEATER. I CANNOT BELIEVE WHAT I JUST WATCHED.,reaction,
152,My heart is still racing and the game ended 20 minutes ago. That fourth quarter was the most stressful thing I've ever experienced as a fan.,reaction,
153,Okay I need everyone to stop what they are doing and watch this highlight right now. Drop everything.,reaction,
154,Just traded away my favorite player and I don't know how to feel. I know it makes sense but I'm genuinely sad right now.,reaction,
155,I screamed so loud my neighbor knocked on my door to check if I was okay. That was unreal.,reaction,
156,THEY WON. THEY ACTUALLY WON. I've been waiting 12 years for this moment. I'm a mess right now.,reaction,
157,Bro what in the world was that dribble move. I literally stood up and clapped alone in my apartment like a crazy person.,reaction,
158,I need a moment. Just give me a moment. That was too much. My heart cannot handle this team.,reaction,
159,The most disrespectful dunk I have ever witnessed in my entire life and I watched Shaq play. Absolute savagery.,reaction,
160,Checked the score thinking we were up 10 with 2 minutes left. Down 3 now. I need to lie down.,reaction,
161,That fast break was so beautiful I rewound it 6 times. SIX TIMES. I can't stop watching it.,reaction,
162,I am absolutely done with this referee crew. Done. Finished. I refuse to watch the rest of this game.,reaction,
163,Just heard about the trade on Twitter and my stomach dropped. This is actually happening. I can't believe this is happening.,reaction,
164,My voice is completely gone from screaming and we still have three more games to go in this series. Worth it.,reaction,
165,Somebody hold me. That comeback was impossible. That literally could not have happened and it happened.,reaction,
166,I haven't moved from my couch in 4 hours. My food is cold. I don't care. This game is too good.,reaction,
167,Just got home from the arena and I'm still buzzing. The atmosphere in that building was unlike anything I've ever felt.,reaction,
168,That was the funniest technical foul call I have ever seen. What was that ref watching. Absolutely ridiculous.,reaction,
169,Dad called me after that shot and we just screamed at each other on the phone for 30 seconds. That's basketball.,reaction,
170,I've never been more stressed watching a free throw in my life. Time slowed down. I think I stopped breathing.,reaction,
171,First game I've watched live in months and they play the worst quarter I've seen all season. Classic.,reaction,
172,I woke up at 3am to watch this game and it was WORTH IT. Every second was worth it.,reaction,
173,That crossover destroyed him. Destroyed him. Bro got turned into a pretzel on national television.,reaction,
174,Please tell me someone else saw that no-call. Please. I need validation that I am not losing my mind.,reaction,
175,This injury news just ruined my entire day. I can't think about anything else right now. Season feels over.,reaction,
176,"The arena just went SILENT when that shot went in. Away arena. Silent. I've never heard 20,000 people go quiet like that.",reaction,
177,I am so proud of this team right now. They had no business winning this game and they found a way. I love them.,reaction,
178,Watching this game with my 7-year-old and she screamed louder than me when he dunked. She gets it now. I've done my job as a parent.,reaction,
179,That's it. I'm done predicting this league. I give up. Nothing makes sense and I love it.,reaction,
180,Just replayed that sequence 12 times. Still don't fully understand what I watched. Generational talent.,reaction,
181,They blew a 20-point lead. TWENTY POINTS. I don't want to talk about it. Do not talk to me.,reaction,
182,I drive three hours to watch them play in person and they put up 87 points. 87 POINTS. Three hours.,reaction,
183,That lob was so perfect I need to see it again. Again. Again. I could watch this all day.,reaction,
184,The crowd in that arena right now sounds absolutely unhinged and I am HERE for it. Turn it up.,reaction,
185,I texted my group chat immediately and nobody responded because they were all screaming too. We were all broken at the same moment.,reaction,
186,That's game. That's series. Wow. Just wow. I need a minute to process this.,reaction,
187,My blood pressure cannot handle this team. Every game is a new form of torture and I come back every single time.,reaction,
188,This arena cam caught his face right after the shot and the look he gave was COLD. I got chills watching it.,reaction,
189,"I just watched a man hit a three with his hand in his face, one foot on the line, falling out of bounds, off the backboard. It went in. I need help.",reaction,
190,The way the bench erupted after that shot tells you everything about the locker room culture on this team. Pure joy.,reaction,
191,Overtime game 7 and I've eaten an entire bag of chips without realizing it. My hands have been moving on autopilot for 40 minutes.,reaction,
192,I was convinced they were going to lose and then that happened and now I don't know anything about basketball anymore.,reaction,
193,First time my city has been to the Finals in 40 years. I called my grandfather and we both cried. Worth every second of every bad season.,reaction,
194,I turned off the TV with 2 minutes left because I couldn't handle it. Just checked my phone. WE WON. I'M AN IDIOT.,reaction,
195,The look on his face when that buzzer sounded said everything. Pure disbelief turning into pure joy. I felt that in my chest.,reaction,
196,Poured myself a drink to celebrate and spilled it immediately because my hands were still shaking. 10/10 night.,reaction,
197,I've never seen a crowd that loud in my life and I was at a World Cup game. This arena is absolutely unglued right now.,reaction,
198,That block from behind with 3 seconds left is the most athletic thing I've ever seen a human do on a basketball court. Period.,reaction,
199,Fell asleep at halftime and woke up to this score. Scrolled back through the highlights for 45 minutes. Did not sleep again.,reaction,
200,My son asked me why I was crying after the win and I didn't know how to explain 15 years of fandom in a way a 6-year-old could understand.,reaction,
201,That steal and dunk in one motion in the fourth quarter broke the entire other team's spirit and you could SEE it happen in real time.,reaction,
202,I've seen a lot of basketball and that might be the worst officiated game I have ever watched. Absolutely shameful product.,reaction,
203,They clinched. They actually clinched. I'm going to need about 20 minutes to collect myself before I can form coherent thoughts.,reaction,
204,The arena is so loud the broadcast audio is basically white noise and I don't think anyone in that building can hear themselves think.,reaction,
205,That ankle injury right there broke my heart. You could tell immediately it was bad. I really hope it's not as serious as it looked.,reaction,
206,I have never in my life seen a team go on a 22-0 run in the fourth quarter of a playoff game. I thought that was physically impossible.,reaction,
207,Just watched the highlights from last night three times in a row before getting out of bed. Good morning to everyone who witnessed that.,reaction,
208,The moment the trade became official my entire feed went insane simultaneously and I just watched it happen in real time. Wild.,reaction,
209,That no-look pass bounced off two defenders and still went in for the assist. I've been watching basketball wrong my whole life.,reaction,
210,Game 7. Home court. Our best player healthy. And somehow I'm still terrified. This sport does things to me that no other thing in my life does.,reaction,
